call_oi,call_change_oi,call_volume,call_iv,call_ltp,call_change,call_bid_qty,call_bid,call_ask,call_ask_qty,strike,put_bid_qty,put_bid,put_ask,put_ask_qty,put_change,put_ltp,put_iv,put_volume,put_change_oi,put_oi,expiry,expiry_valid,is_holiday,call_data_available,put_data_available,data_quality,spot_price,valuation_date,days_to_expiry,T
152.0,-1.0,8.0,52.91,2930.0,-281.5,65,2883.05,2922.4,260,21200.0,1755,0.7,0.75,9945,-0.3,0.75,35.74,43033.0,3767.0,44272.0,2026-08-25,True,False,True,True,OK,24154.900390625,2026-08-18,7,0.019178082191780823
1.0,,,60.38,2971.0,,65,2841.8,2923.75,780,21250.0,3900,0.7,0.85,9100,-0.25,0.85,35.57,3355.0,1020.0,1214.0,2026-08-25,True,False,True,True,OK,24154.900390625,2026-08-18,7,0.019178082191780823
57.0,,,,3070.0,,780,2754.0,2871.3,780,21300.0,60645,0.65,0.8,6305,-0.25,0.8,34.76,16547.0,3229.0,13202.0,2026-08-25,True,False,True,True,OK,24154.900390625,2026-08-18,7,0.019178082191780823
,,,,,,780,2541.95,2828.05,780,21350.0,1040,0.75,1.4,65,0.45,1.65,36.81,1520.0,279.0,501.0,2026-08-25,True,False,False,True,Missing call LTP,24154.900390625,2026-08-18,7,0.019178082191780823
2.0,,,,2616.3,,780,2528.55,2778.1,780,21400.0,73125,0.7,1.5,975,0.3,1.5,35.8,29948.0,8121.0,9009.0,2026-08-25,True,False,True,True,OK,24154.900390625,2026-08-18,7,0.019178082191780823
,,,,,,1170,2491.7,2725.3,780,21450.0,975,0.95,1.95,1755,0.7,1.85,35.99,1194.0,422.0,504.0,2026-08-25,True,False,False,True,Missing call LTP,24154.900390625,2026-08-18,7,0.019178082191780823
5101.0,-31.0,105.0,42.59,2621.55,-95.45,325,2605.6,2613.55,130,21500.0,195,0.85,1.0,407485,-0.2,1.0,33.11,32489.0,5606.0,24381.0,2026-08-25,True,False,True,True,OK,24154.900390625,2026-08-18,7,0.019178082191780823
,,,,,,780,2417.1,2625.2,780,21550.0,975,1.0,1.9,1235,0.6,1.8,34.6,740.0,150.0,231.0,2026-08-25,True,False,False,True,Missing call LTP,24154.900390625,2026-08-18,7,0.019178082191780823
,,,,,,780,2373.15,2578.0,780,21600.0,260,1.1,1.8,1755,-0.15,1.1,32.21,5624.0,206.0,1921.0,2026-08-25,True,False,False,True,Missing call LTP,24154.900390625,2026-08-18,7,0.019178082191780823
,,,,,,780,2328.85,2525.35,780,21650.0,975,1.3,3.2,975,1.0,2.3,34.28,1084.0,198.0,254.0,2026-08-25,True,False,False,True,Missing call LTP,24154.900390625,2026-08-18,7,0.019178082191780823
10.0,,,56.19,2535.0,,65,2362.95,2470.15,780,21700.0,975,1.6,4.0,975,0.6,1.9,32.89,6724.0,80.0,1603.0,2026-08-25,True,False,True,True,OK,24154.900390625,2026-08-18,7,0.019178082191780823
,,,,,,780,2260.15,2424.95,780,21750.0,975,1.7,3.7,910,2.4,3.7,34.97,2020.0,470.0,541.0,2026-08-25,True,False,False,True,Missing call LTP,24154.900390625,2026-08-18,7,0.019178082191780823
1.0,,,57.37,2540.0,,65,2265.2,2368.05,390,21800.0,845,2.0,4.15,975,0.55,2.0,31.8,7978.0,633.0,1713.0,2026-08-25,True,False,True,True,OK,24154.900390625,2026-08-18,7,0.019178082191780823
,,,,,,780,2115.15,2327.05,780,21850.0,1755,1.1,2.95,975,1.3,2.85,32.51,786.0,158.0,258.0,2026-08-25,True,False,False,True,Missing call LTP,24154.900390625,2026-08-18,7,0.019178082191780823
6.0,,,53.6,2340.0,,65,2160.2,2269.0,780,21900.0,650,1.45,3.4,975,1.4,2.9,31.92,3000.0,122.0,935.0,2026-08-25,True,False,True,True,OK,24154.900390625,2026-08-18,7,0.019178082191780823
,,,,,,1170,2055.2,2226.0,780,21950.0,910,1.8,3.2,910,0.4,1.8,29.51,536.0,123.0,268.0,2026-08-25,True,False,False,True,Missing call LTP,24154.900390625,2026-08-18,7,0.019178082191780823
8636.0,-958.0,1245.0,,2113.05,-104.25,325,2106.5,2117.85,130,22000.0,520,2.1,3.1,780,1.5,3.0,30.72,54317.0,-5039.0,48183.0,2026-08-25,True,False,True,True,OK,24154.900390625,2026-08-18,7,0.019178082191780823
,,,,,,780,1994.95,2124.15,780,22050.0,910,2.35,4.0,975,0.9,2.35,29.15,1266.0,230.0,436.0,2026-08-25,True,False,False,True,Missing call LTP,24154.900390625,2026-08-18,7,0.019178082191780823
,,,,,,780,1853.55,2075.75,780,22100.0,975,2.05,3.9,975,1.8,3.4,29.86,12275.0,2139.0,4402.0,2026-08-25,True,False,False,True,Missing call LTP,24154.900390625,2026-08-18,7,0.019178082191780823
2.0,,,,2147.4,,65,1915.1,2016.5,780,22150.0,975,2.2,3.6,975,1.5,3.3,29.07,4231.0,1981.0,2356.0,2026-08-25,True,False,True,True,OK,24154.900390625,2026-08-18,7,0.019178082191780823
6.0,,,46.36,2122.25,,65,1866.25,1967.9,780,22200.0,975,1.65,3.45,975,1.95,3.55,28.67,19632.0,1859.0,7343.0,2026-08-25,True,False,True,True,OK,24154.900390625,2026-08-18,7,0.019178082191780823
1.0,,,,1585.4,,65,1762.8,1916.6,780,22250.0,975,2.3,3.95,975,0.7,2.35,26.54,4516.0,2229.0,2470.0,2026-08-25,True,False,True,True,OK,24154.900390625,2026-08-18,7,0.019178082191780823
28.0,,,58.98,2113.8,,780,1756.5,1814.3,130,22300.0,975,2.2,3.5,650,1.7,3.45,27.2,23459.0,2608.0,9323.0,2026-08-25,True,False,True,True,OK,24154.900390625,2026-08-18,7,0.019178082191780823
2.0,,1.0,33.4,1780.0,-14.9,65,1722.9,1811.8,780,22350.0,975,2.7,4.2,975,2.05,3.75,26.83,6393.0,2321.0,2503.0,2026-08-25,True,False,True,True,OK,24154.900390625,2026-08-18,7,0.019178082191780823
31.0,,4.0,,1702.75,-222.25,780,1666.1,1758.75,780,22400.0,1690,3.5,4.25,780,1.7,3.55,25.95,16994.0,2456.0,5776.0,2026-08-25,True,False,True,True,OK,24154.900390625,2026-08-18,7,0.019178082191780823
1.0,,,,2199.25,,65,1576.3,1714.3,845,22450.0,1755,3.7,4.1,975,1.85,3.75,25.46,6065.0,2539.0,3037.0,2026-08-25,True,False,True,True,OK,24154.900390625,2026-08-18,7,0.019178082191780823
4099.0,-340.0,541.0,,1606.05,-116.2,65,1608.85,1619.4,65,22500.0,325,2.55,4.0,520,1.35,3.35,24.39,119547.0,4397.0,60338.0,2026-08-25,True,False,True,True,OK,24154.900390625,2026-08-18,7,0.019178082191780823
101.0,99.0,115.0,27.1,1573.5,-199.75,65,1525.9,1613.35,975,22550.0,975,2.8,4.45,910,1.6,3.7,24.04,10869.0,2875.0,3726.0,2026-08-25,True,False,True,True,OK,24154.900390625,2026-08-18,7,0.019178082191780823
123.0,98.0,111.0,29.71,1531.4,-118.15,65,1487.95,1565.55,65,22600.0,520,2.7,4.0,520,0.55,2.6,22.26,29345.0,838.0,6293.0,2026-08-25,True,False,True,True,OK,24154.900390625,2026-08-18,7,0.019178082191780823
106.0,94.0,116.0,29.03,1481.9,-172.0,65,1444.85,1511.85,780,22650.0,780,2.1,3.85,975,1.5,3.7,22.66,5422.0,-72.0,901.0,2026-08-25,True,False,True,True,OK,24154.900390625,2026-08-18,7,0.019178082191780823
170.0,81.0,113.0,21.9,1419.2,-287.6,65,1398.95,1427.4,260,22700.0,585,2.4,4.0,325,2.3,4.3,22.46,45945.0,372.0,12530.0,2026-08-25,True,False,True,True,OK,24154.900390625,2026-08-18,7,0.019178082191780823
122.0,102.0,134.0,23.12,1372.05,53.25,780,1329.15,1381.6,130,22750.0,1235,2.8,4.85,975,1.9,4.0,21.53,23012.0,509.0,2630.0,2026-08-25,True,False,True,True,OK,24154.900390625,2026-08-18,7,0.019178082191780823
78.0,-2.0,12.0,18.56,1317.45,-294.55,65,1305.6,1324.3,65,22800.0,1235,3.15,4.0,1300,0.9,3.15,20.13,80954.0,284.0,24459.0,2026-08-25,True,False,True,True,OK,24154.900390625,2026-08-18,7,0.019178082191780823
295.0,286.0,309.0,,1262.5,-275.95,65,1237.9,1313.65,1690,22850.0,1235,3.4,4.45,975,0.5,3.15,19.45,25748.0,1460.0,3013.0,2026-08-25,True,False,True,True,OK,24154.900390625,2026-08-18,7,0.019178082191780823
76.0,-2.0,13.0,25.09,1233.0,-101.5,65,1187.1,1223.2,65,22900.0,520,3.55,4.2,520,0.65,3.4,18.98,111244.0,23049.0,31998.0,2026-08-25,True,False,True,True,OK,24154.900390625,2026-08-18,7,0.019178082191780823
3.0,,,22.91,1580.55,,780,1128.0,1213.3,780,22950.0,650,2.95,4.4,845,1.65,4.4,19.01,28943.0,1219.0,3207.0,2026-08-25,True,False,True,True,OK,24154.900390625,2026-08-18,7,0.019178082191780823
6033.0,-515.0,1622.0,,1110.15,-127.35,65,1115.0,1118.85,65,23000.0,1235,3.45,4.35,2600,0.15,3.15,17.4,345854.0,19446.0,155396.0,2026-08-25,True,False,True,True,OK,24154.900390625,2026-08-18,7,0.019178082191780823
6.0,-1.0,4.0,23.82,1088.05,-346.95,780,1022.75,1093.75,845,23050.0,1885,3.2,4.4,130,0.2,3.2,16.76,44575.0,3372.0,5538.0,2026-08-25,True,False,True,True,OK,24154.900390625,2026-08-18,7,0.019178082191780823
79.0,-4.0,25.0,16.33,1019.8,-122.05,130,1006.25,1021.9,390,23100.0,650,2.95,4.45,130,0.2,3.4,16.21,149246.0,8099.0,17558.0,2026-08-25,True,False,True,True,OK,24154.900390625,2026-08-18,7,0.019178082191780823
12.0,6.0,13.0,,965.9,-393.1,65,929.35,1029.55,1105,23150.0,975,3.05,4.8,845,-0.15,3.2,15.38,49666.0,2410.0,4946.0,2026-08-25,True,False,True,True,OK,24154.900390625,2026-08-18,7,0.019178082191780823
320.0,-72.0,235.0,,910.65,-104.55,195,909.6,922.9,65,23200.0,130,3.6,4.5,1755,-0.05,3.45,14.85,183622.0,-2120.0,34152.0,2026-08-25,True,False,True,True,OK,24154.900390625,2026-08-18,7,0.019178082191780823
14.0,,2.0,,863.9,-256.1,65,829.5,931.0,780,23250.0,390,3.5,4.5,1235,0.15,3.9,14.43,74437.0,3199.0,8481.0,2026-08-25,True,False,True,True,OK,24154.900390625,2026-08-18,7,0.019178082191780823
419.0,8.0,480.0,,815.0,-103.65,65,813.6,824.3,195,23300.0,520,4.05,4.45,520,0.75,4.75,14.16,212581.0,9853.0,30024.0,2026-08-25,True,False,True,True,OK,24154.900390625,2026-08-18,7,0.019178082191780823
54.0,31.0,114.0,14.98,775.3,-135.9,65,743.15,830.9,1690,23350.0,390,4.6,4.85,1235,0.2,4.6,13.35,101866.0,8590.0,16138.0,2026-08-25,True,False,True,True,OK,24154.900390625,2026-08-18,7,0.019178082191780823
464.0,20.0,345.0,14.09,725.1,-109.3,65,696.65,726.7,65,23400.0,520,4.9,5.2,1170,0.5,5.3,12.93,219382.0,11255.0,38846.0,2026-08-25,True,False,True,True,OK,24154.900390625,2026-08-18,7,0.019178082191780823
37.0,7.0,37.0,13.38,675.5,-104.45,65,646.0,714.25,780,23450.0,585,5.4,5.8,1170,0.1,5.55,12.28,136458.0,2569.0,15502.0,2026-08-25,True,False,True,True,OK,24154.900390625,2026-08-18,7,0.019178082191780823
7375.0,203.0,6081.0,5.16,616.9,-115.9,65,616.15,620.0,65,23500.0,975,6.45,6.8,11700,0.05,6.45,11.84,460825.0,26812.0,129792.0,2026-08-25,True,False,True,True,OK,24154.900390625,2026-08-18,7,0.019178082191780823
223.0,133.0,425.0,,564.5,-132.5,65,566.6,575.9,65,23550.0,130,7.4,7.7,65,0.35,7.7,11.45,235776.0,17833.0,26288.0,2026-08-25,True,False,True,True,OK,24154.900390625,2026-08-18,7,0.019178082191780823
3927.0,235.0,4288.0,6.37,517.3,-117.5,455,520.1,522.95,65,23600.0,975,9.15,9.45,2600,0.8,9.35,11.09,390228.0,20936.0,73738.0,2026-08-25,True,False,True,True,OK,24154.900390625,2026-08-18,7,0.019178082191780823
600.0,506.0,2034.0,8.09,469.95,-107.1,130,471.85,476.6,65,23650.0,910,11.35,11.8,1495,0.8,11.3,10.71,242908.0,12606.0,31215.0,2026-08-25,True,False,True,True,OK,24154.900390625,2026-08-18,7,0.019178082191780823
4587.0,1784.0,13510.0,9.59,427.5,-107.1,325,426.3,430.0,65,23700.0,195,14.6,15.0,1170,1.95,14.95,10.55,599792.0,16916.0,126137.0,2026-08-25,True,False,True,True,OK,24154.900390625,2026-08-18,7,0.019178082191780823
779.0,621.0,5859.0,9.18,379.95,-111.2,195,379.8,383.85,65,23750.0,1365,19.0,19.35,1170,3.2,19.35,10.35,388725.0,-1754.0,26188.0,2026-08-25,True,False,True,True,OK,24154.900390625,2026-08-18,7,0.019178082191780823
12288.0,2708.0,69443.0,9.07,335.0,-109.15,130,335.75,337.0,130,23800.0,4810,24.7,25.05,975,4.2,24.7,10.11,777896.0,18122.0,82915.0,2026-08-25,True,False,True,True,OK,24154.900390625,2026-08-18,7,0.019178082191780823
1557.0,1342.0,34522.0,9.14,293.0,-104.6,130,294.1,295.0,455,23850.0,65,32.1,32.6,845,6.8,32.55,10.01,451032.0,7189.0,25141.0,2026-08-25,True,False,True,True,OK,24154.900390625,2026-08-18,7,0.019178082191780823
8383.0,4744.0,149103.0,9.35,254.75,-102.25,130,253.85,255.45,65,23900.0,6305,42.0,42.1,1170,9.4,42.0,9.86,897969.0,15966.0,58640.0,2026-08-25,True,False,True,True,OK,24154.900390625,2026-08-18,7,0.019178082191780823
6796.0,5819.0,152121.0,9.28,216.85,-102.15,130,216.0,219.0,65,23950.0,455,54.4,54.7,1170,13.5,54.4,9.78,726534.0,14890.0,26549.0,2026-08-25,True,False,True,True,OK,24154.900390625,2026-08-18,7,0.019178082191780823
127713.0,33381.0,1096678.0,9.18,181.25,-96.3,195,181.65,182.9,195,24000.0,3250,70.0,70.15,130,18.2,70.1,9.76,2509725.0,34745.0,210294.0,2026-08-25,True,False,True,True,OK,24154.900390625,2026-08-18,7,0.019178082191780823
49500.0,47819.0,1265907.0,9.21,150.35,-89.7,455,150.35,150.7,195,24050.0,2405,88.0,88.25,715,23.9,88.25,9.68,2187213.0,33780.0,46397.0,2026-08-25,True,False,True,True,OK,24154.900390625,2026-08-18,7,0.019178082191780823
151765.0,122034.0,2462931.0,9.25,123.1,-82.35,650,123.05,123.1,130,24100.0,715,110.6,111.1,195,31.4,111.1,9.73,2995866.0,49110.0,105284.0,2026-08-25,True,False,True,True,OK,24154.900390625,2026-08-18,7,0.019178082191780823
51777.0,40220.0,1258905.0,9.39,100.35,-72.65,715,99.25,99.8,195,24150.0,195,136.1,136.6,520,39.2,136.65,9.73,1244374.0,10405.0,29591.0,2026-08-25,True,False,True,True,OK,24154.900390625,2026-08-18,7,0.019178082191780823
170536.0,63984.0,1743779.0,9.28,78.15,-66.5,1105,78.45,78.7,195,24200.0,325,165.25,165.85,325,47.95,165.85,9.76,1190864.0,-6525.0,98013.0,2026-08-25,True,False,True,True,OK,24154.900390625,2026-08-18,7,0.019178082191780823
58432.0,25647.0,695674.0,9.42,62.1,-56.15,1170,61.75,62.1,130,24250.0,195,198.05,198.95,130,55.2,197.2,9.71,304957.0,-6308.0,16154.0,2026-08-25,True,False,True,True,OK,24154.900390625,2026-08-18,7,0.019178082191780823
178607.0,56034.0,1145333.0,9.45,47.7,-47.9,1235,47.65,48.25,130,24300.0,65,233.1,236.3,130,63.75,233.2,9.81,333857.0,-12339.0,74039.0,2026-08-25,True,False,True,True,OK,24154.900390625,2026-08-18,7,0.019178082191780823
38775.0,15295.0,438394.0,9.57,36.9,-39.35,1170,36.95,37.6,65,24350.0,195,272.1,274.95,130,71.35,269.6,9.68,60202.0,-1614.0,9852.0,2026-08-25,True,False,True,True,OK,24154.900390625,2026-08-18,7,0.019178082191780823
135246.0,32610.0,756388.0,9.74,28.65,-30.5,520,28.7,28.95,260,24400.0,65,314.05,316.0,130,82.1,314.55,10.26,105843.0,-5279.0,48351.0,2026-08-25,True,False,True,True,OK,24154.900390625,2026-08-18,7,0.019178082191780823
39039.0,-19158.0,435554.0,9.93,22.3,-23.3,650,22.15,22.5,390,24450.0,65,355.6,361.0,130,91.05,361.5,10.97,14223.0,-589.0,6808.0,2026-08-25,True,False,True,True,OK,24154.900390625,2026-08-18,7,0.019178082191780823
228681.0,42774.0,951238.0,10.2,17.75,-17.8,1300,17.6,17.75,2405,24500.0,130,402.6,404.55,325,97.0,404.25,11.0,62793.0,-7588.0,77567.0,2026-08-25,True,False,True,True,OK,24154.900390625,2026-08-18,7,0.019178082191780823
52905.0,28220.0,318896.0,10.37,13.65,-13.3,1885,13.65,13.7,1105,24550.0,65,446.85,451.15,325,99.05,451.0,11.45,8070.0,-421.0,3677.0,2026-08-25,True,False,True,True,OK,24154.900390625,2026-08-18,7,0.019178082191780823
108162.0,28345.0,477456.0,10.6,10.7,-9.9,325,10.7,11.0,1300,24600.0,260,496.0,499.35,65,107.0,499.0,12.03,14801.0,-1997.0,18251.0,2026-08-25,True,False,True,True,OK,24154.900390625,2026-08-18,7,0.019178082191780823
36904.0,8247.0,266888.0,10.99,9.0,-6.8,1625,9.0,9.2,2535,24650.0,1690,543.75,547.35,65,106.2,546.45,12.43,2255.0,223.0,3051.0,2026-08-25,True,False,True,True,OK,24154.900390625,2026-08-18,7,0.019178082191780823
108502.0,19948.0,520672.0,11.28,7.3,-5.05,585,7.05,7.4,260,24700.0,65,594.0,594.9,130,107.45,596.0,13.21,9824.0,-769.0,14950.0,2026-08-25,True,False,True,True,OK,24154.900390625,2026-08-18,7,0.019178082191780823
32555.0,7082.0,271682.0,11.68,6.25,-3.35,325,6.05,6.3,455,24750.0,65,641.6,645.8,65,105.4,646.0,14.07,1612.0,96.0,1744.0,2026-08-25,True,False,True,True,OK,24154.900390625,2026-08-18,7,0.019178082191780823
115522.0,21876.0,515108.0,12.04,5.3,-2.35,780,5.05,5.3,5655,24800.0,65,692.3,692.8,325,114.35,696.3,14.98,3886.0,-855.0,8766.0,2026-08-25,True,False,True,True,OK,24154.900390625,2026-08-18,7,0.019178082191780823
25636.0,8703.0,280358.0,12.42,4.55,-1.85,1885,4.55,4.85,1170,24850.0,65,737.75,746.3,65,106.9,739.6,14.0,561.0,56.0,847.0,2026-08-25,True,False,True,True,OK,24154.900390625,2026-08-18,7,0.019178082191780823
89917.0,27400.0,493563.0,12.96,4.25,-1.1,4290,4.05,4.3,780,24900.0,130,784.8,793.4,65,115.35,796.45,16.69,1132.0,-224.0,2985.0,2026-08-25,True,False,True,True,OK,24154.900390625,2026-08-18,7,0.019178082191780823
26136.0,6764.0,262603.0,13.24,3.55,-1.3,520,3.5,3.7,65,24950.0,65,836.35,843.9,65,117.05,838.1,15.01,185.0,34.0,359.0,2026-08-25,True,False,True,True,OK,24154.900390625,2026-08-18,7,0.019178082191780823
224540.0,11042.0,791116.0,13.74,3.3,-1.1,130,3.3,3.4,195,25000.0,65,887.25,892.1,65,118.85,894.2,17.73,7663.0,-1606.0,30670.0,2026-08-25,True,False,True,True,OK,24154.900390625,2026-08-18,7,0.019178082191780823
25089.0,10364.0,233409.0,14.21,3.05,-0.7,650,3.0,3.2,2340,25050.0,65,934.8,944.3,65,96.8,933.55,14.17,99.0,15.0,138.0,2026-08-25,True,False,True,True,OK,24154.900390625,2026-08-18,7,0.019178082191780823
62096.0,17292.0,394649.0,14.47,2.55,-0.9,5655,2.55,2.75,520,25100.0,65,982.0,994.4,260,123.95,995.85,19.77,230.0,4.0,1485.0,2026-08-25,True,False,True,True,OK,24154.900390625,2026-08-18,7,0.019178082191780823
11164.0,2907.0,81282.0,15.0,2.45,-0.65,455,2.45,2.75,1430,25150.0,780,984.35,1056.35,65,102.1,1010.3,,90.0,10.0,36.0,2026-08-25,True,False,True,True,OK,24154.900390625,2026-08-18,7,0.019178082191780823
93347.0,34750.0,360165.0,15.42,2.25,-0.55,585,2.2,2.5,18590,25200.0,715,1090.0,1093.9,65,114.45,1090.0,19.45,694.0,-282.0,1797.0,2026-08-25,True,False,True,True,OK,24154.900390625,2026-08-18,7,0.019178082191780823
32959.0,24988.0,136674.0,15.97,2.2,-0.3,975,2.15,2.25,1690,25250.0,780,1084.85,1155.95,65,317.5,1142.95,21.23,6.0,-3.0,24.0,2026-08-25,True,False,True,True,OK,24154.900390625,2026-08-18,7,0.019178082191780823
77086.0,15396.0,344128.0,16.14,1.8,-0.5,6630,1.8,2.0,325,25300.0,65,1182.95,1191.6,260,107.45,1192.0,21.67,208.0,-49.0,1252.0,2026-08-25,True,False,True,True,OK,24154.900390625,2026-08-18,7,0.019178082191780823
9889.0,4599.0,56410.0,16.59,1.7,-0.45,390,1.7,1.85,65,25350.0,780,1170.35,1255.5,65,137.3,1212.25,,9.0,8.0,24.0,2026-08-25,True,False,True,True,OK,24154.900390625,2026-08-18,7,0.019178082191780823
66611.0,25491.0,210285.0,16.9,1.5,-0.4,260,1.55,1.65,390,25400.0,65,1281.65,1293.65,65,95.9,1280.0,11.46,24.0,-1.0,597.0,2026-08-25,True,False,True,True,OK,24154.900390625,2026-08-18,7,0.019178082191780823
4642.0,583.0,16925.0,17.6,1.6,-0.25,65,1.5,1.6,325,25450.0,780,1282.05,1355.35,65,,1203.7,,,,17.0,2026-08-25,True,False,True,True,OK,24154.900390625,2026-08-18,7,0.019178082191780823
180366.0,35647.0,443967.0,18.02,1.5,-0.3,520,1.5,1.55,65,25500.0,130,1385.4,1393.35,65,119.0,1389.6,23.67,1283.0,-718.0,18998.0,2026-08-25,True,False,True,True,OK,24154.900390625,2026-08-18,7,0.019178082191780823
11558.0,6209.0,36979.0,18.09,1.2,-0.4,3055,1.15,1.7,650,25550.0,390,1381.35,1454.4,65,,1080.0,18.73,,,84.0,2026-08-25,True,False,True,True,OK,24154.900390625,2026-08-18,7,0.019178082191780823
66786.0,25775.0,211386.0,18.63,1.2,-0.2,325,1.1,1.2,585,25600.0,780,1431.05,1497.15,65,149.55,1509.55,31.25,9.0,,253.0,2026-08-25,True,False,True,True,OK,24154.900390625,2026-08-18,7,0.019178082191780823
12268.0,7230.0,38467.0,18.88,1.05,-0.3,1755,1.0,1.15,975,25650.0,780,1480.25,1591.9,780,-125.0,1500.0,,8.0,8.0,11.0,2026-08-25,True,False,True,True,OK,24154.900390625,2026-08-18,7,0.019178082191780823
40824.0,5114.0,101229.0,19.31,1.0,-0.3,3575,0.95,1.05,1365,25700.0,780,1518.5,1605.2,65,126.7,1588.7,26.09,10.0,-5.0,279.0,2026-08-25,True,False,True,True,OK,24154.900390625,2026-08-18,7,0.019178082191780823
10953.0,4832.0,32084.0,19.83,1.0,-0.25,1105,1.0,1.2,1300,25750.0,780,1580.15,1671.2,130,516.15,1621.15,,1.0,1.0,4.0,2026-08-25,True,False,True,True,OK,24154.900390625,2026-08-18,7,0.019178082191780823
24280.0,4827.0,64501.0,20.12,0.9,-0.25,7995,0.9,0.95,4485,25800.0,780,1630.1,1704.15,260,131.45,1685.0,25.39,6.0,-3.0,191.0,2026-08-25,True,False,True,True,OK,24154.900390625,2026-08-18,7,0.019178082191780823
3344.0,15.0,11877.0,20.51,0.85,-0.15,14820,0.85,1.15,650,25850.0,780,1679.9,1756.4,65,,1598.0,,,,13.0,2026-08-25,True,False,True,True,OK,24154.900390625,2026-08-18,7,0.019178082191780823
15075.0,161.0,29254.0,21.38,1.0,,1820,0.85,1.0,650,25900.0,780,1736.85,1835.05,130,,1520.0,32.26,,,67.0,2026-08-25,True,False,True,True,OK,24154.900390625,2026-08-18,7,0.019178082191780823
3728.0,41.0,6855.0,21.52,0.85,-0.1,9750,0.8,0.9,1495,25950.0,845,1820.0,1885.35,780,491.75,1816.75,,1.0,,2.0,2026-08-25,True,False,True,True,OK,24154.900390625,2026-08-18,7,0.019178082191780823
121204.0,-2422.0,168865.0,21.89,0.8,-0.15,98020,0.8,0.85,19500,26000.0,65,1882.05,1889.35,65,123.15,1893.4,32.36,2256.0,-1797.0,33012.0,2026-08-25,True,False,True,True,OK,24154.900390625,2026-08-18,7,0.019178082191780823
3290.0,-33.0,5556.0,22.24,0.75,-0.1,37440,0.75,0.8,9100,26050.0,780,1876.2,1985.6,65,,1762.0,,,,4.0,2026-08-25,True,False,True,True,OK,24154.900390625,2026-08-18,7,0.019178082191780823
4878.0,92.0,8426.0,22.58,0.7,-0.1,16055,0.7,0.8,6110,26100.0,780,1932.55,2005.05,195,162.75,1990.75,32.61,2.0,-2.0,413.0,2026-08-25,True,False,True,True,OK,24154.900390625,2026-08-18,7,0.019178082191780823
1473.0,,4689.0,23.07,0.7,-0.1,6045,0.7,1.0,650,26150.0,1690,1905.1,2126.25,780,,,,,,,2026-08-25,True,False,True,False,Missing put LTP,24154.900390625,2026-08-18,7,0.019178082191780823
6578.0,43.0,15415.0,23.56,0.7,-0.05,3185,0.7,0.8,3900,26200.0,780,2067.9,2102.2,65,128.8,2083.0,29.1,4.0,-4.0,674.0,2026-08-25,True,False,True,True,OK,24154.900390625,2026-08-18,7,0.019178082191780823
1384.0,-69.0,1651.0,24.36,0.8,0.1,2470,0.7,0.8,130,26250.0,780,2077.65,2173.05,65,160.8,2145.8,36.84,1.0,-1.0,1.0,2026-08-25,True,False,True,True,OK,24154.900390625,2026-08-18,7,0.019178082191780823
12182.0,-686.0,15039.0,24.69,0.75,0.05,455,0.75,0.85,520,26300.0,650,2178.8,2195.7,325,155.4,2198.65,38.61,540.0,-257.0,6891.0,2026-08-25,True,False,True,True,OK,24154.900390625,2026-08-18,7,0.019178082191780823
411.0,154.0,1659.0,24.83,0.65,-0.05,780,0.7,0.8,130,26350.0,780,2145.6,2294.9,845,,1699.45,21.23,,,1.0,2026-08-25,True,False,True,True,OK,24154.900390625,2026-08-18,7,0.019178082191780823
2103.0,-1587.0,16071.0,25.83,0.8,0.1,1300,0.75,0.8,780,26400.0,780,2219.1,2345.1,780,,1670.0,,,,2.0,2026-08-25,True,False,True,True,OK,24154.900390625,2026-08-18,7,0.019178082191780823
239.0,145.0,868.0,26.47,0.85,0.2,260,0.7,0.85,650,26450.0,780,2180.5,2406.65,780,,,,,,,2026-08-25,True,False,True,False,Missing put LTP,24154.900390625,2026-08-18,7,0.019178082191780823
4869.0,-188.0,14364.0,26.05,0.6,-0.1,62010,0.6,0.7,5005,26500.0,260,2372.75,2434.95,780,110.0,2372.0,,5.0,-5.0,96.0,2026-08-25,True,False,True,True,OK,24154.900390625,2026-08-18,7,0.019178082191780823
337.0,222.0,994.0,26.92,0.7,,1495,0.65,0.85,130,26550.0,1690,2274.85,2532.9,780,,,,,,,2026-08-25,True,False,True,False,Missing put LTP,24154.900390625,2026-08-18,7,0.019178082191780823
889.0,236.0,3308.0,27.57,0.75,0.05,2080,0.65,0.75,650,26600.0,780,2317.35,2558.05,780,,,,,,,2026-08-25,True,False,True,False,Missing put LTP,24154.900390625,2026-08-18,7,0.019178082191780823
363.0,254.0,1643.0,28.05,0.75,0.1,1820,0.65,0.8,650,26650.0,780,2381.6,2608.0,780,,,,,,,2026-08-25,True,False,True,False,Missing put LTP,24154.900390625,2026-08-18,7,0.019178082191780823
688.0,14.0,966.0,28.33,0.7,,65,0.7,0.8,65,26700.0,780,2411.5,2683.85,780,,,,,,,2026-08-25,True,False,True,False,Missing put LTP,24154.900390625,2026-08-18,7,0.019178082191780823
204.0,133.0,492.0,28.6,0.65,-0.05,3900,0.6,0.95,1950,26750.0,780,2457.9,2735.95,780,,,,,,,2026-08-25,True,False,True,False,Missing put LTP,24154.900390625,2026-08-18,7,0.019178082191780823
1005.0,577.0,1748.0,28.84,0.6,-0.1,52910,0.55,0.6,3510,26800.0,780,2538.4,2787.05,780,,2250.0,39.43,,,2.0,2026-08-25,True,False,True,True,OK,24154.900390625,2026-08-18,7,0.019178082191780823
283.0,146.0,732.0,29.52,0.65,0.05,1170,0.6,0.8,1820,26850.0,1690,2561.0,2837.45,780,,,,,,,2026-08-25,True,False,True,False,Missing put LTP,24154.900390625,2026-08-18,7,0.019178082191780823
530.0,95.0,1686.0,29.76,0.6,-0.05,195,0.6,0.65,195,26900.0,780,2633.5,2858.2,780,,2650.0,,,,1.0,2026-08-25,True,False,True,True,OK,24154.900390625,2026-08-18,7,0.019178082191780823
156.0,30.0,254.0,30.66,0.7,-0.05,130,0.65,0.7,2145,26950.0,780,2675.65,2929.1,780,,,,,,,2026-08-25,True,False,True,False,Missing put LTP,24154.900390625,2026-08-18,7,0.019178082191780823
3346.0,1301.0,5959.0,30.43,0.55,-0.1,32890,0.55,0.6,18850,27000.0,780,2829.9,2918.75,845,5.25,2764.1,,,,654.0,2026-08-25,True,False,True,True,OK,24154.900390625,2026-08-18,7,0.019178082191780823
437.0,300.0,1153.0,30.88,0.55,-0.15,6045,0.5,0.55,2405,27050.0,390,2744.65,3034.55,780,,,,,,,2026-08-25,True,False,True,False,Missing put LTP,24154.900390625,2026-08-18,7,0.019178082191780823
1537.0,1325.0,6171.0,31.06,0.5,-0.1,41990,0.5,0.55,22750,27100.0,1690,2767.65,3092.0,1040,,2800.0,,,,2.0,2026-08-25,True,False,True,True,OK,24154.900390625,2026-08-18,7,0.019178082191780823
473.0,161.0,972.0,31.77,0.55,-0.1,2080,0.5,0.55,845,27150.0,1690,2848.1,3129.3,780,,,,,,,2026-08-25,True,False,True,False,Missing put LTP,24154.900390625,2026-08-18,7,0.019178082191780823
6957.0,2411.0,13284.0,31.94,0.5,-0.15,174135,0.5,0.55,98085,27200.0,780,3013.8,3193.75,780,0.75,2941.1,,,,18.0,2026-08-25,True,False,True,True,OK,24154.900390625,2026-08-18,7,0.019178082191780823
